File,AvgRMSD,MaxRMSD,StdDev,DENV1,DENV2,DENV3,DENV4
denv_scaffold_1.pdb,0.1860,0.2531,0.0392,0.1651,0.1542,0.1717,0.2531
denv_scaffold_154.pdb,0.1889,0.2485,0.0370,0.1500,0.1684,0.1887,0.2485
denv_scaffold_15.pdb,0.1943,0.2627,0.0417,0.1514,0.1741,0.1892,0.2627
denv_scaffold_103.pdb,0.1975,0.2701,0.0429,0.1600,0.1737,0.1863,0.2701
denv_scaffold_87.pdb,0.1993,0.2796,0.0489,0.1496,0.1747,0.1931,0.2796
denv_scaffold_137.pdb,0.1994,0.2661,0.0396,0.1646,0.1761,0.1906,0.2661
denv_scaffold_195.pdb,0.1997,0.2709,0.0417,0.1674,0.1733,0.1871,0.2709
denv_scaffold_86.pdb,0.1999,0.2834,0.0495,0.1550,0.1745,0.1867,0.2834
denv_scaffold_147.pdb,0.2000,0.2811,0.0499,0.1475,0.1756,0.1959,0.2811
denv_scaffold_81.pdb,0.2006,0.2658,0.0413,0.1549,0.1785,0.2033,0.2658
denv_scaffold_78.pdb,0.2011,0.2745,0.0461,0.1505,0.1777,0.2018,0.2745
denv_scaffold_198.pdb,0.2014,0.2716,0.0418,0.1632,0.1788,0.1919,0.2716
denv_scaffold_111.pdb,0.2016,0.2759,0.0464,0.1509,0.1787,0.2007,0.2759
denv_scaffold_129.pdb,0.2016,0.2807,0.0488,0.1501,0.1768,0.1987,0.2807
denv_scaffold_163.pdb,0.2016,0.2688,0.0444,0.1450,0.1886,0.2040,0.2688
denv_scaffold_132.pdb,0.2020,0.2776,0.0476,0.1474,0.1831,0.2000,0.2776
denv_scaffold_152.pdb,0.2024,0.2734,0.0427,0.1614,0.1797,0.1948,0.2734
denv_scaffold_126.pdb,0.2031,0.2833,0.0474,0.1618,0.1768,0.1904,0.2833
denv_scaffold_11.pdb,0.2031,0.2700,0.0405,0.1629,0.1821,0.1975,0.2700
denv_scaffold_182.pdb,0.2033,0.2698,0.0425,0.1543,0.1832,0.2056,0.2698
denv_scaffold_114.pdb,0.2033,0.2723,0.0417,0.1617,0.1829,0.1963,0.2723
denv_scaffold_135.pdb,0.2041,0.2707,0.0414,0.1596,0.1832,0.2029,0.2707
denv_scaffold_52.pdb,0.2043,0.2798,0.0460,0.1567,0.1829,0.1980,0.2798
denv_scaffold_91.pdb,0.2047,0.2736,0.0422,0.1610,0.1833,0.2010,0.2736
denv_scaffold_120.pdb,0.2053,0.2669,0.0362,0.1745,0.1860,0.1937,0.2669
denv_scaffold_181.pdb,0.2056,0.2651,0.0384,0.1594,0.1903,0.2076,0.2651
denv_scaffold_177.pdb,0.2057,0.2749,0.0434,0.1574,0.1856,0.2049,0.2749
denv_scaffold_161.pdb,0.2058,0.2659,0.0375,0.1654,0.1858,0.2063,0.2659
denv_scaffold_187.pdb,0.2063,0.2747,0.0425,0.1591,0.1891,0.2021,0.2747
denv_scaffold_54.pdb,0.2065,0.2868,0.0489,0.1562,0.1833,0.1995,0.2868
denv_scaffold_8.pdb,0.2069,0.2793,0.0431,0.1685,0.1815,0.1984,0.2793
denv_scaffold_37.pdb,0.2070,0.2820,0.0469,0.1538,0.1890,0.2032,0.2820
denv_scaffold_178.pdb,0.2071,0.2827,0.0472,0.1550,0.1852,0.2054,0.2827
denv_scaffold_151.pdb,0.2072,0.2817,0.0459,0.1575,0.1881,0.2014,0.2817
denv_scaffold_53.pdb,0.2073,0.2794,0.0431,0.1676,0.1826,0.1998,0.2794
denv_scaffold_76.pdb,0.2074,0.2865,0.0498,0.1501,0.1877,0.2055,0.2865
denv_scaffold_105.pdb,0.2081,0.2870,0.0484,0.1571,0.1851,0.2032,0.2870
denv_scaffold_65.pdb,0.2082,0.2787,0.0426,0.1652,0.1886,0.2005,0.2787
denv_scaffold_14.pdb,0.2084,0.2901,0.0518,0.1487,0.1868,0.2078,0.2901
denv_scaffold_24.pdb,0.2086,0.2843,0.0466,0.1583,0.1883,0.2036,0.2843
denv_scaffold_156.pdb,0.2089,0.2773,0.0407,0.1719,0.1867,0.1998,0.2773
denv_scaffold_4.pdb,0.2090,0.2711,0.0391,0.1650,0.1910,0.2089,0.2711
denv_scaffold_124.pdb,0.2092,0.2797,0.0438,0.1608,0.1911,0.2051,0.2797
denv_scaffold_159.pdb,0.2097,0.2905,0.0493,0.1578,0.1893,0.2010,0.2905
denv_scaffold_142.pdb,0.2097,0.2787,0.0414,0.1697,0.1889,0.2016,0.2787
denv_scaffold_116.pdb,0.2101,0.2804,0.0424,0.1693,0.1863,0.2046,0.2804
denv_scaffold_169.pdb,0.2102,0.2777,0.0425,0.1629,0.1897,0.2103,0.2777
denv_scaffold_3.pdb,0.2105,0.2867,0.0463,0.1642,0.1857,0.2056,0.2867
denv_scaffold_150.pdb,0.2107,0.2775,0.0405,0.1709,0.1889,0.2055,0.2775
denv_scaffold_27.pdb,0.2111,0.2907,0.0488,0.1602,0.1871,0.2063,0.2907
denv_scaffold_97.pdb,0.2115,0.2792,0.0412,0.1698,0.1903,0.2069,0.2792
denv_scaffold_186.pdb,0.2124,0.2780,0.0405,0.1680,0.1955,0.2079,0.2780
denv_scaffold_82.pdb,0.2128,0.2898,0.0490,0.1559,0.1921,0.2134,0.2898
denv_scaffold_136.pdb,0.2130,0.2946,0.0488,0.1666,0.1887,0.2022,0.2946
denv_scaffold_21.pdb,0.2131,0.2834,0.0435,0.1654,0.1943,0.2094,0.2834
denv_scaffold_144.pdb,0.2133,0.2861,0.0455,0.1617,0.1961,0.2093,0.2861
denv_scaffold_64.pdb,0.2135,0.2849,0.0439,0.1664,0.1941,0.2085,0.2849
denv_scaffold_107.pdb,0.2135,0.2827,0.0420,0.1703,0.1951,0.2059,0.2827
denv_scaffold_29.pdb,0.2137,0.2765,0.0394,0.1699,0.1951,0.2132,0.2765
denv_scaffold_104.pdb,0.2140,0.2828,0.0420,0.1705,0.1943,0.2085,0.2828
denv_scaffold_96.pdb,0.2140,0.2789,0.0397,0.1756,0.1892,0.2123,0.2789
denv_scaffold_60.pdb,0.2147,0.2897,0.0465,0.1648,0.1916,0.2125,0.2897
denv_scaffold_119.pdb,0.2150,0.2849,0.0423,0.1732,0.1931,0.2087,0.2849
denv_scaffold_33.pdb,0.2151,0.2845,0.0418,0.1740,0.1942,0.2078,0.2845
denv_scaffold_117.pdb,0.2152,0.2939,0.0483,0.1636,0.1944,0.2091,0.2939
denv_scaffold_92.pdb,0.2153,0.2911,0.0467,0.1656,0.1930,0.2115,0.2911
denv_scaffold_94.pdb,0.2162,0.2787,0.0381,0.1766,0.1984,0.2111,0.2787
denv_scaffold_17.pdb,0.2164,0.2811,0.0418,0.1667,0.1986,0.2195,0.2811
denv_scaffold_88.pdb,0.2166,0.2935,0.0477,0.1639,0.1974,0.2116,0.2935
denv_scaffold_46.pdb,0.2167,0.2857,0.0425,0.1714,0.1969,0.2126,0.2857
denv_scaffold_62.pdb,0.2169,0.2916,0.0470,0.1629,0.1988,0.2142,0.2916
denv_scaffold_45.pdb,0.2171,0.2894,0.0429,0.1791,0.1929,0.2068,0.2894
denv_scaffold_66.pdb,0.2171,0.2851,0.0418,0.1719,0.1993,0.2123,0.2851
denv_scaffold_118.pdb,0.2172,0.2834,0.0396,0.1801,0.1953,0.2100,0.2834
denv_scaffold_106.pdb,0.2172,0.2861,0.0413,0.1787,0.1936,0.2105,0.2861
denv_scaffold_12.pdb,0.2173,0.2903,0.0442,0.1728,0.1961,0.2098,0.2903
denv_scaffold_173.pdb,0.2175,0.2789,0.0356,0.1962,0.1929,0.2020,0.2789
denv_scaffold_146.pdb,0.2179,0.3048,0.0516,0.1722,0.1887,0.2058,0.3048
denv_scaffold_162.pdb,0.2179,0.2966,0.0473,0.1722,0.1932,0.2097,0.2966
denv_scaffold_49.pdb,0.2180,0.2974,0.0480,0.1701,0.1950,0.2094,0.2974
denv_scaffold_72.pdb,0.2180,0.2838,0.0409,0.1753,0.1948,0.2180,0.2838
denv_scaffold_139.pdb,0.2181,0.2986,0.0495,0.1656,0.1952,0.2129,0.2986
denv_scaffold_0.pdb,0.2183,0.2924,0.0447,0.1736,0.1973,0.2097,0.2924
denv_scaffold_122.pdb,0.2183,0.2839,0.0412,0.1717,0.2003,0.2172,0.2839
denv_scaffold_73.pdb,0.2187,0.2928,0.0439,0.1796,0.1944,0.2079,0.2928
denv_scaffold_109.pdb,0.2189,0.2906,0.0432,0.1773,0.1956,0.2120,0.2906
denv_scaffold_41.pdb,0.2190,0.2836,0.0409,0.1726,0.1998,0.2199,0.2836
denv_scaffold_138.pdb,0.2192,0.2859,0.0399,0.1836,0.1948,0.2124,0.2859
denv_scaffold_133.pdb,0.2192,0.2928,0.0447,0.1741,0.1968,0.2130,0.2928
denv_scaffold_36.pdb,0.2192,0.2817,0.0393,0.1736,0.2055,0.2161,0.2817
denv_scaffold_189.pdb,0.2192,0.2841,0.0398,0.1762,0.2036,0.2130,0.2841
denv_scaffold_197.pdb,0.2193,0.2889,0.0416,0.1814,0.1950,0.2119,0.2889
denv_scaffold_32.pdb,0.2193,0.2786,0.0368,0.1786,0.2036,0.2164,0.2786
denv_scaffold_190.pdb,0.2193,0.2879,0.0435,0.1680,0.2038,0.2177,0.2879
denv_scaffold_40.pdb,0.2194,0.2996,0.0496,0.1666,0.1951,0.2164,0.2996
denv_scaffold_193.pdb,0.2195,0.2900,0.0451,0.1653,0.2037,0.2188,0.2900
denv_scaffold_44.pdb,0.2195,0.3013,0.0497,0.1684,0.1978,0.2104,0.3013
denv_scaffold_5.pdb,0.2195,0.2904,0.0422,0.1808,0.1972,0.2096,0.2904
denv_scaffold_165.pdb,0.2195,0.2880,0.0423,0.1742,0.1996,0.2163,0.2880
denv_scaffold_171.pdb,0.2196,0.3017,0.0507,0.1652,0.1962,0.2152,0.3017
denv_scaffold_77.pdb,0.2196,0.2896,0.0441,0.1690,0.2011,0.2188,0.2896
denv_scaffold_18.pdb,0.2196,0.3025,0.0510,0.1655,0.1954,0.2151,0.3025
denv_scaffold_56.pdb,0.2197,0.2970,0.0480,0.1674,0.1978,0.2165,0.2970
denv_scaffold_20.pdb,0.2199,0.2911,0.0474,0.1592,0.2053,0.2239,0.2911
denv_scaffold_185.pdb,0.2202,0.2832,0.0397,0.1747,0.2034,0.2195,0.2832
denv_scaffold_128.pdb,0.2204,0.2982,0.0468,0.1756,0.1948,0.2130,0.2982
denv_scaffold_26.pdb,0.2204,0.2835,0.0389,0.1783,0.2040,0.2159,0.2835
denv_scaffold_194.pdb,0.2209,0.2891,0.0418,0.1762,0.2028,0.2155,0.2891
denv_scaffold_130.pdb,0.2209,0.3015,0.0496,0.1681,0.1977,0.2163,0.3015
denv_scaffold_196.pdb,0.2212,0.2980,0.0472,0.1710,0.2002,0.2155,0.2980
denv_scaffold_170.pdb,0.2212,0.3010,0.0480,0.1749,0.1959,0.2128,0.3010
denv_scaffold_121.pdb,0.2212,0.2935,0.0439,0.1773,0.1985,0.2156,0.2935
denv_scaffold_80.pdb,0.2216,0.2998,0.0484,0.1685,0.2018,0.2163,0.2998
denv_scaffold_199.pdb,0.2217,0.2935,0.0444,0.1731,0.2027,0.2175,0.2935
denv_scaffold_180.pdb,0.2218,0.2869,0.0395,0.1816,0.2030,0.2156,0.2869
denv_scaffold_191.pdb,0.2218,0.2844,0.0403,0.1734,0.2063,0.2231,0.2844
denv_scaffold_172.pdb,0.2220,0.2936,0.0458,0.1674,0.2056,0.2215,0.2936
denv_scaffold_79.pdb,0.2221,0.2982,0.0457,0.1787,0.1971,0.2143,0.2982
denv_scaffold_10.pdb,0.2222,0.3007,0.0493,0.1664,0.2011,0.2204,0.3007
denv_scaffold_51.pdb,0.2225,0.2963,0.0469,0.1675,0.2043,0.2218,0.2963
denv_scaffold_13.pdb,0.2229,0.2972,0.0455,0.1743,0.2036,0.2166,0.2972
denv_scaffold_113.pdb,0.2231,0.2915,0.0404,0.1871,0.2031,0.2106,0.2915
denv_scaffold_55.pdb,0.2232,0.2944,0.0439,0.1756,0.2048,0.2178,0.2944
denv_scaffold_34.pdb,0.2234,0.3010,0.0470,0.1756,0.2016,0.2153,0.3010
denv_scaffold_61.pdb,0.2235,0.3031,0.0489,0.1717,0.2011,0.2180,0.3031
denv_scaffold_69.pdb,0.2237,0.3079,0.0519,0.1676,0.2014,0.2179,0.3079
denv_scaffold_93.pdb,0.2238,0.2923,0.0402,0.1914,0.1993,0.2122,0.2923
denv_scaffold_19.pdb,0.2239,0.3027,0.0466,0.1834,0.1979,0.2114,0.3027
denv_scaffold_89.pdb,0.2241,0.2954,0.0438,0.1781,0.2029,0.2199,0.2954
denv_scaffold_108.pdb,0.2244,0.3123,0.0532,0.1705,0.1996,0.2152,0.3123
denv_scaffold_67.pdb,0.2245,0.2926,0.0403,0.1884,0.2036,0.2134,0.2926
denv_scaffold_100.pdb,0.2251,0.2908,0.0402,0.1827,0.2070,0.2199,0.2908
denv_scaffold_112.pdb,0.2253,0.2942,0.0422,0.1809,0.2066,0.2192,0.2942
denv_scaffold_43.pdb,0.2254,0.2950,0.0432,0.1772,0.2084,0.2210,0.2950
denv_scaffold_153.pdb,0.2255,0.2939,0.0408,0.1891,0.2013,0.2175,0.2939
denv_scaffold_28.pdb,0.2255,0.2995,0.0466,0.1717,0.2074,0.2235,0.2995
denv_scaffold_25.pdb,0.2259,0.3103,0.0510,0.1759,0.1993,0.2181,0.3103
denv_scaffold_184.pdb,0.2259,0.2984,0.0438,0.1820,0.2054,0.2179,0.2984
denv_scaffold_84.pdb,0.2259,0.2844,0.0355,0.1919,0.2050,0.2223,0.2844
denv_scaffold_148.pdb,0.2270,0.3027,0.0468,0.1759,0.2068,0.2224,0.3027
denv_scaffold_141.pdb,0.2271,0.3071,0.0495,0.1724,0.2076,0.2211,0.3071
denv_scaffold_101.pdb,0.2273,0.2967,0.0433,0.1782,0.2108,0.2237,0.2967
denv_scaffold_174.pdb,0.2274,0.3048,0.0480,0.1742,0.2080,0.2226,0.3048
denv_scaffold_50.pdb,0.2274,0.2952,0.0411,0.1854,0.2086,0.2204,0.2952
denv_scaffold_57.pdb,0.2275,0.2962,0.0419,0.1858,0.2040,0.2240,0.2962
denv_scaffold_160.pdb,0.2278,0.3129,0.0528,0.1692,0.2063,0.2230,0.3129
denv_scaffold_192.pdb,0.2278,0.2953,0.0408,0.1897,0.2030,0.2234,0.2953
denv_scaffold_58.pdb,0.2279,0.2958,0.0406,0.1925,0.2016,0.2218,0.2958
denv_scaffold_123.pdb,0.2285,0.3074,0.0507,0.1680,0.2085,0.2303,0.3074
denv_scaffold_85.pdb,0.2294,0.3109,0.0505,0.1743,0.2071,0.2254,0.3109
denv_scaffold_7.pdb,0.2295,0.3066,0.0472,0.1800,0.2080,0.2232,0.3066
denv_scaffold_166.pdb,0.2295,0.3073,0.0491,0.1728,0.2101,0.2278,0.3073
denv_scaffold_183.pdb,0.2296,0.3137,0.0517,0.1754,0.2040,0.2252,0.3137
denv_scaffold_39.pdb,0.2296,0.2887,0.0390,0.1798,0.2192,0.2308,0.2887
denv_scaffold_99.pdb,0.2297,0.3043,0.0464,0.1775,0.2126,0.2244,0.3043
denv_scaffold_90.pdb,0.2297,0.2992,0.0420,0.1876,0.2103,0.2218,0.2992
denv_scaffold_48.pdb,0.2300,0.3051,0.0460,0.1807,0.2109,0.2234,0.3051
denv_scaffold_59.pdb,0.2301,0.3102,0.0501,0.1736,0.2091,0.2277,0.3102
denv_scaffold_47.pdb,0.2305,0.3071,0.0471,0.1799,0.2102,0.2249,0.3071
denv_scaffold_42.pdb,0.2310,0.3054,0.0453,0.1843,0.2097,0.2248,0.3054
denv_scaffold_74.pdb,0.2312,0.3162,0.0521,0.1757,0.2082,0.2248,0.3162
denv_scaffold_98.pdb,0.2316,0.2926,0.0373,0.1922,0.2156,0.2260,0.2926
denv_scaffold_134.pdb,0.2318,0.3073,0.0467,0.1812,0.2103,0.2282,0.3073
denv_scaffold_23.pdb,0.2318,0.2978,0.0409,0.1870,0.2134,0.2291,0.2978
denv_scaffold_127.pdb,0.2319,0.2979,0.0398,0.1933,0.2101,0.2262,0.2979
denv_scaffold_70.pdb,0.2319,0.3064,0.0466,0.1795,0.2129,0.2289,0.3064
denv_scaffold_30.pdb,0.2320,0.3044,0.0468,0.1747,0.2170,0.2320,0.3044
denv_scaffold_22.pdb,0.2330,0.3159,0.0506,0.1807,0.2089,0.2265,0.3159
denv_scaffold_149.pdb,0.2354,0.3127,0.0474,0.1851,0.2140,0.2299,0.3127
denv_scaffold_143.pdb,0.2356,0.3159,0.0480,0.1902,0.2107,0.2255,0.3159
denv_scaffold_83.pdb,0.2356,0.3046,0.0420,0.1920,0.2163,0.2296,0.3046
denv_scaffold_131.pdb,0.2357,0.3204,0.0507,0.1869,0.2110,0.2245,0.3204
denv_scaffold_164.pdb,0.2357,0.3098,0.0460,0.1847,0.2169,0.2316,0.3098
denv_scaffold_157.pdb,0.2359,0.3117,0.0460,0.1895,0.2135,0.2289,0.3117
denv_scaffold_63.pdb,0.2370,0.3003,0.0379,0.2008,0.2181,0.2289,0.3003
denv_scaffold_115.pdb,0.2370,0.3071,0.0429,0.1920,0.2172,0.2318,0.3071
denv_scaffold_125.pdb,0.2374,0.3210,0.0500,0.1908,0.2107,0.2270,0.3210
denv_scaffold_145.pdb,0.2382,0.3241,0.0528,0.1809,0.2175,0.2304,0.3241
denv_scaffold_68.pdb,0.2385,0.3247,0.0524,0.1845,0.2149,0.2299,0.3247
denv_scaffold_35.pdb,0.2401,0.3200,0.0481,0.1937,0.2143,0.2323,0.3200
denv_scaffold_38.pdb,0.2401,0.3237,0.0519,0.1837,0.2162,0.2367,0.3237
denv_scaffold_71.pdb,0.2405,0.3164,0.0467,0.1901,0.2202,0.2352,0.3164
denv_scaffold_95.pdb,0.2407,0.3048,0.0408,0.1924,0.2264,0.2392,0.3048
denv_scaffold_155.pdb,0.2413,0.3098,0.0418,0.1985,0.2204,0.2363,0.3098
denv_scaffold_140.pdb,0.2442,0.3326,0.0533,0.1915,0.2180,0.2345,0.3326
denv_scaffold_167.pdb,0.2450,0.3253,0.0505,0.1868,0.2264,0.2416,0.3253
denv_scaffold_175.pdb,0.2462,0.3250,0.0493,0.1905,0.2263,0.2431,0.3250
denv_scaffold_102.pdb,0.2463,0.3212,0.0462,0.1967,0.2252,0.2421,0.3212
denv_scaffold_31.pdb,0.2464,0.3368,0.0561,0.1850,0.2209,0.2432,0.3368
denv_scaffold_9.pdb,0.2486,0.3356,0.0541,0.1883,0.2263,0.2443,0.3356
denv_scaffold_6.pdb,0.2494,0.3160,0.0408,0.2083,0.2269,0.2463,0.3160
denv_scaffold_110.pdb,0.2502,0.3280,0.0487,0.1958,0.2285,0.2487,0.3280
denv_scaffold_179.pdb,0.2538,0.3367,0.0528,0.1915,0.2346,0.2522,0.3367
denv_scaffold_168.pdb,0.2545,0.3380,0.0524,0.1947,0.2337,0.2519,0.3380
denv_scaffold_176.pdb,0.2550,0.3344,0.0502,0.1962,0.2374,0.2520,0.3344
denv_scaffold_188.pdb,0.2570,0.3421,0.0527,0.1992,0.2340,0.2526,0.3421
denv_scaffold_75.pdb,0.2574,0.3359,0.0486,0.2040,0.2379,0.2519,0.3359
denv_scaffold_158.pdb,0.2589,0.3458,0.0531,0.2032,0.2345,0.2520,0.3458
denv_scaffold_16.pdb,0.2601,0.3496,0.0554,0.1984,0.2399,0.2525,0.3496
denv_scaffold_2.pdb,0.2812,0.3648,0.0523,0.2219,0.2605,0.2775,0.3648
